id;club_person_name;url;email;phone;fax;mobile_phone;address;zip;remark
1;Ergonomic Concrete Soap Zambian Kwacha;http://brooke.biz;Eleazar74@yahoo.com;617-735-2284 x82869;Avon;Auto Loan Account olive;Yen;Unbranded Fresh Pants Tools California;../data/blob/hipster.txt
2;North Dakota Garden;http://carlee.name;Edmond_Smitham@hotmail.com;200-833-5135;compress lavender Investment Account;backing up;Iran;Philippine Peso Metal;../data/blob/hipster.txt
3;Strategist;https://michael.biz;Perry43@gmail.com;702-019-0846 x640;Corporate;Enterprise-wide Benin;Tuna Response invoice;alarm Jamaica;../data/blob/hipster.txt
4;system Gorgeous Rubber Pants;http://niko.com;Eve4@gmail.com;(038) 971-4007;online e-business;systems integrate;Web HTTP;implement;../data/blob/hipster.txt
5;Optimization Cambridgeshire;https://maeve.net;Levi_Bernier94@gmail.com;856-985-6356;Station;parsing Investment Account;Branding Dynamic black;yellow;../data/blob/hipster.txt
6;Books Generic;https://ethyl.com;Emmalee_Hoppe2@yahoo.com;1-822-416-6369;Handmade Cotton Bacon Specialist China;quantify multi-byte;interface Cotton Robust;user-centric Infrastructure;../data/blob/hipster.txt
7;Managed Dobra application;http://beatrice.info;Kaden_Labadie@hotmail.com;328.030.0998;granular;Quality Applications Missouri;Practical Gorgeous;knowledge user Danish Krone;../data/blob/hipster.txt
8;Data neural Wooden;https://jermain.org;Zella44@gmail.com;1-853-719-1678 x6818;infomediaries;Fantastic Fresh Salad;Steel Avon Visionary;exploit transition;../data/blob/hipster.txt
9;User-centric Principal Pennsylvania;http://garry.net;Jaydon_Sanford@gmail.com;1-429-314-4204 x4507;hack;payment synthesize Idaho;seize Glen Refined;Mandatory Assistant;../data/blob/hipster.txt
10;Strategist;https://alphonso.biz;Alta_Legros91@hotmail.com;(256) 905-1626;Wells;Naira iterate;Unbranded Plastic Chips Brand Regional;Generic B2B;../data/blob/hipster.txt
