id;bill_status_name;update_time;update_user
1;mobile Fish;2019-06-18T07:11:44;59865
2;Table Computer;2019-06-19T00:30:50;45924
3;seamless Metal deposit;2019-06-19T00:33:14;96990
4;parsing red Chips;2019-06-18T21:30:22;61748
5;Home Loan Account;2019-06-19T01:44:18;43194
6;intangible;2019-06-18T11:13:25;39986
7;Gorgeous Frozen Pants;2019-06-18T20:19:17;45606
8;bluetooth;2019-06-18T21:06:57;38246
9;Planner Canyon;2019-06-18T05:16:10;60754
10;Table Small Frozen Sausages Planner;2019-06-18T06:30:24;38541
