id;document_name;upload_date;document;document_content_type
1;mobile Fish;2019-06-18T07:06:04;../data/blob/hipster.png;image/png
2;Savings Account Dam;2019-06-18T23:24:51;../data/blob/hipster.png;image/png
3;Trace;2019-06-18T17:48:16;../data/blob/hipster.png;image/png
4;Metal deposit;2019-06-19T00:27:35;../data/blob/hipster.png;image/png
5;transmitter Implementation Electronics;2019-06-18T02:00:02;../data/blob/hipster.png;image/png
6;Money Market Account;2019-06-18T11:08:02;../data/blob/hipster.png;image/png
7;Grocery Home;2019-06-18T13:13:08;../data/blob/hipster.png;image/png
8;enable Gorgeous Frozen Pants;2019-06-18T20:13:37;../data/blob/hipster.png;image/png
9;Licensed Savings Account;2019-06-18T16:38:04;../data/blob/hipster.png;image/png
10;Planner Canyon;2019-06-18T05:10:30;../data/blob/hipster.png;image/png
